[{"model": "auth.group", "pk": 1, "fields": {"name": "test", "permissions": []}}, {"model": "auth.user", "pk": 1, "fields": {"password": "pbkdf2_sha256$260000$Q9d8OrZJVfoUDmhbjtbzmm$r3IBG78q3/t3RE4SUDCNWm0vF9cvfVVd3EC6UM8Asc4=", "last_login": "2024-09-12T10:08:43.480Z", "is_superuser": true, "username": "oisintohak", "first_name": "", "last_name": "", "email": "oisintohak@gmail.com", "is_staff": true, "is_active": true, "date_joined": "2023-02-17T11:11:26.137Z", "groups": [], "user_permissions": []}}, {"model": "auth.user", "pk": 2, "fields": {"password": "pbkdf2_sha256$260000$oT4F8NgBYRxydtJpHRrGSx$V/FDBEc8UNq3jZ2QbL8iIuHax7K6KmrayI3uWx08+Ao=", "last_login": "2024-09-10T14:30:26.813Z", "is_superuser": false, "username": "test", "first_name": "", "last_name": "", "email": "", "is_staff": false, "is_active": true, "date_joined": "2023-02-24T16:31:10.853Z", "groups": [], "user_permissions": []}}, {"model": "auth.user", "pk": 3, "fields": {"password": "pbkdf2_sha256$260000$YjHwn1JYVtzSIVma7EIcmw$sq+d8ZjXGjPD+OkXciZgxn1FaA8tQIbeEJvi+gF4IV8=", "last_login": "2023-03-04T16:38:49.853Z", "is_superuser": false, "username": "test2", "first_name": "", "last_name": "", "email": "", "is_staff": false, "is_active": true, "date_joined": "2023-03-04T16:21:25.696Z", "groups": [], "user_permissions": []}}, {"model": "auth.user", "pk": 4, "fields": {"password": "pbkdf2_sha256$260000$mUf0fEGxYBaaRHlq3cMIjS$NSEK3B9NuUl2LwFLVbcKt3VVQra/rUnUmXiJ73Iu+MY=", "last_login": "2023-05-03T17:39:41.828Z", "is_superuser": false, "username": "testtest", "first_name": "", "last_name": "", "email": "", "is_staff": false, "is_active": true, "date_joined": "2023-05-03T16:51:16.680Z", "groups": [], "user_permissions": []}}, {"model": "auth.user", "pk": 5, "fields": {"password": "pbkdf2_sha256$260000$61LTACaDEt8kwxkpnQAAsv$piPoYUj/iH4YSEHyYgpZrCw9VQ5Z3sxov4Ui9Ldo8y4=", "last_login": "2024-01-16T20:31:46.739Z", "is_superuser": true, "username": "admin", "first_name": "", "last_name": "", "email": "admin@admin.admin", "is_staff": true, "is_active": true, "date_joined": "2023-06-02T18:37:26.089Z", "groups": [], "user_permissions": []}}, {"model": "auth.user", "pk": 6, "fields": {"password": "pbkdf2_sha256$260000$oURfCpqALya1EwkK3d8sD8$mcA46cx0zZ66JjDTDrcsyA0LZmltaoIYMvZo9RrglVw=", "last_login": null, "is_superuser": false, "username": "test123test", "first_name": "", "last_name": "", "email": "", "is_staff": false, "is_active": true, "date_joined": "2023-07-10T21:23:48.870Z", "groups": [], "user_permissions": []}}, {"model": "auth.user", "pk": 7, "fields": {"password": "pbkdf2_sha256$260000$7zveovHkwdEztSs1AkACSy$DzJi4M2zPsye304Y5NwHcG0p9cBQ7QV8ir84YzuN4cI=", "last_login": null, "is_superuser": false, "username": "newnewtesttest", "first_name": "", "last_name": "", "email": "", "is_staff": false, "is_active": true, "date_joined": "2023-07-10T21:26:44.807Z", "groups": [], "user_permissions": []}}, {"model": "auth.user", "pk": 8, "fields": {"password": "pbkdf2_sha256$260000$fwnzUk5NWp7cNXQPhKw90g$pbLr1rtBCQLbj7Of7YQkDPKWqk6NyIwLrqs6CQlprKs=", "last_login": "2023-07-11T07:30:51.995Z", "is_superuser": false, "username": "admin2", "first_name": "", "last_name": "", "email": "", "is_staff": false, "is_active": true, "date_joined": "2023-07-11T07:30:33.122Z", "groups": [], "user_permissions": []}}, {"model": "auth.user", "pk": 9, "fields": {"password": "pbkdf2_sha256$260000$4mtBahfw8eMPSSuxbOsrQG$ip2qYHQ16ZjW3gR3+CmmSe+aH5SY/Q6l1xdJHrvNHEk=", "last_login": "2023-07-11T07:34:14.649Z", "is_superuser": false, "username": "admin3", "first_name": "", "last_name": "", "email": "", "is_staff": false, "is_active": true, "date_joined": "2023-07-11T07:33:21.774Z", "groups": [], "user_permissions": []}}, {"model": "auth.user", "pk": 10, "fields": {"password": "pbkdf2_sha256$260000$op8esgded4hu3W3Qj3vJcI$/bKR6jmxVlNeqEOxFXfPzQJU0NFE/OCHvg3sTC4OoPo=", "last_login": "2024-09-08T17:11:39.449Z", "is_superuser": false, "username": "newtest", "first_name": "", "last_name": "", "email": "", "is_staff": false, "is_active": true, "date_joined": "2023-08-18T14:08:31.876Z", "groups": [], "user_permissions": []}}, {"model": "auth.user", "pk": 11, "fields": {"password": "pbkdf2_sha256$260000$3tkIgWl2196AWTvsrkTrsx$5ddDMmc5Q0XtmTIbMHxNsuZ0Zwn2DD4WIcmUVW5TrXs=", "last_login": "2023-11-10T09:13:17.877Z", "is_superuser": false, "username": "a", "first_name": "", "last_name": "", "email": "", "is_staff": false, "is_active": true, "date_joined": "2023-11-10T09:13:15.282Z", "groups": [], "user_permissions": []}}, {"model": "auth.user", "pk": 12, "fields": {"password": "pbkdf2_sha256$260000$Hs7JJdx2Fu4qICNvfwCQJj$6AkgQSdyt/4qIcN/bAxl0sunohck48SYdceo+f5UOe4=", "last_login": "2023-11-14T18:27:06.229Z", "is_superuser": false, "username": "newtesta", "first_name": "", "last_name": "", "email": "", "is_staff": false, "is_active": true, "date_joined": "2023-11-14T18:27:04.670Z", "groups": [], "user_permissions": []}}, {"model": "auth.user", "pk": 13, "fields": {"password": "pbkdf2_sha256$260000$6LJpsOxLA7rHbxsRSZzqFe$WxTWsOjmR4vL66zuzMkEqUn7FHenFEaKC+24oBWqiw4=", "last_login": "2023-11-14T21:17:25.792Z", "is_superuser": false, "username": "newtestaaa", "first_name": "", "last_name": "", "email": "", "is_staff": false, "is_active": true, "date_joined": "2023-11-14T21:17:24.088Z", "groups": [], "user_permissions": []}}, {"model": "sessions.session", "pk": "04tg3ivue8arrepxwyyuwigk9a9pwkqb", "fields": {"session_data": ".eJxVjLsOwjAMAP8lM4qchwkwsvcbKic2pIASqWknxL_TSB1gvTvdW420Lnlcm8zjxOqijDr8skjpKaULflC5V51qWeYp6p7o3TY9VJbXdW__Bpla7ltODgHBpngSxBudkzvaQIYdSETxGAMaQSZDEK0Dv5UCvPngSUB9vuJuN_w:1rQW2L:eSCSi9OMQtRCRRUH5434q1Z9ON0rzxmpkT4Bwgkb6hE", "expire_date": "2024-02-01T17:18:41.290Z"}}, {"model": "sessions.session", "pk": "08zxmdur2ogv5h9ke6mwd1vx7fqa6jrt", "fields": {"session_data": ".eJxVjMsOwiAQRf-FtSEMlEdduvcbyDAMUjU0Ke3K-O_apAvd3nPOfYmI21rj1nmJUxZnYcXpd0tID247yHdst1nS3NZlSnJX5EG7vM6Zn5fD_Tuo2Ou3NgZTKNokGAdPHoC1t5YQFEEOyinUTCNxYVfCQMEoAwOwDehYE5N4fwDalDf0:1qfd9G:5lTq2C5RaYpglSaOFNLWkYZvH-pZ1Gz0kpSXCYa31hc", "expire_date": "2023-09-25T09:24:02.765Z"}}, {"model": "sessions.session", "pk": "0uz2roxmt66lbimedjd2dlid6tnlvion", "fields": {"session_data": ".eJxVjMsOwiAQRf-FtSEMlEdduvcbyDAMUjU0Ke3K-O_apAvd3nPOfYmI21rj1nmJUxZnYcXpd0tID247yHdst1nS3NZlSnJX5EG7vM6Zn5fD_Tuo2Ou3NgZTKNokGAdPHoC1t5YQFEEOyinUTCNxYVfCQMEoAwOwDehYE5N4fwDalDf0:1qIvZ2:aozppQnI6gSvmI5QMiW49ME3XXCLQhcHrWX2LGwlsh8", "expire_date": "2023-07-24T18:24:48.990Z"}}, {"model": "sessions.session", "pk": "1cfap53v6w4hl4qkncipev2g4whjhikd", "fields": {"session_data": ".eJxVjLsOwjAMAP8lM4qchwkwsvcbKic2pIASqWknxL_TSB1gvTvdW420Lnlcm8zjxOqijDr8skjpKaULflC5V51qWeYp6p7o3TY9VJbXdW__Bpla7ltODgHBpngSxBudkzvaQIYdSETxGAMaQSZDEK0Dv5UCvPngSUB9vuJuN_w:1piEML:b_siC7Eq4ljpZ6vlZBBzToCZ-getYnNy_XRSCZ_u9bU", "expire_date": "2023-04-14T13:00:01.283Z"}}, {"model": "sessions.session", "pk": "23owmapwiedoqx11m4xxyxslitx6mgtr", "fields": {"session_data": ".eJxVjEEOwiAQRe_C2hBaoDAu3fcMZJgZpWpoUtqV8e7apAvd_vfef6mE21rS1mRJE6uz6tXpd8tID6k74DvW26xprusyZb0r-qBNjzPL83K4fwcFW_nWCKazPpNzFIhyhmA6YAwZAxsUiI4M-MEG8VEsmBgBGV1kMBiuQ6_eH-sDN-M:1q5WxD:YD51-ljk-F7tSo87MQCV2ohOmTL74iYc4qgEa62qbHU", "expire_date": "2023-06-17T19:30:23.897Z"}}, {"model": "sessions.session", "pk": "2qn8lnqiszaj0fkp3kwmjlx6h14to7gz", "fields": {"session_data": ".eJxVjMsOwiAQRf-FtSEMlEdduvcbyDAMUjU0Ke3K-O_apAvd3nPOfYmI21rj1nmJUxZnYcXpd0tID247yHdst1nS3NZlSnJX5EG7vM6Zn5fD_Tuo2Ou3NgZTKNokGAdPHoC1t5YQFEEOyinUTCNxYVfCQMEoAwOwDehYE5N4fwDalDf0:1rLMYV:go2f5-yvHE2AKfJANQjje-3C1m4W1m6EvFamsNafTfY", "expire_date": "2024-01-18T12:10:35.961Z"}}, {"model": "sessions.session", "pk": "3ep6hdaynbz3py2ovahp2ay26xudi30s", "fields": {"session_data": ".eJxVjEEOwiAQRe_C2hBggLYu3XsGMjCDVA0kpV0Z765NutDtf-_9lwi4rSVsnZcwkzgLrcTpd4yYHlx3QnestyZTq-syR7kr8qBdXhvx83K4fwcFe_nWEBWMBjwhZENxSM6RU8Z7RnRsWIH1RMPoOWZNZCdrY8qO0E2Jsgbx_gAMWDi6:1rBBPR:0W41C-IV6W3t0Rav6Fs4g5YWdJfRNpzkFcebuLYI0cA", "expire_date": "2023-12-21T10:15:09.921Z"}}, {"model": "sessions.session", "pk": "3kdmscsrys4gfctlt0ugmw0c3fv49aju", "fields": {"session_data": ".eJxVjDEOwjAQBP_iGlnGjn2Ekp43RJu7Mw6gRIqTCvF3iJQC2p2ZfZkO61K6tercDWLOxpvD79aDHzpuQO4Yb5PlaVzmobebYnda7XUSfV529--goJZvHRwxcEQKgpgJSoiaG3Kc1PGplcgJUTT60CTyPWVGILRJgk-OW_P-AAHTOGA:1sc3tC:pg5IHrqunqTGo-k-BBnVcGdrAaUOcmrbyzXto6v7HdM", "expire_date": "2024-08-22T14:13:14.992Z"}}, {"model": "sessions.session", "pk": "3oqlumw5u42s4d75rxihooh17grvpya7", "fields": {"session_data": ".eJxVjLsOwjAMAP8lM4qchwkwsvcbKic2pIASqWknxL_TSB1gvTvdW420Lnlcm8zjxOqijDr8skjpKaULflC5V51qWeYp6p7o3TY9VJbXdW__Bpla7ltODgHBpngSxBudkzvaQIYdSETxGAMaQSZDEK0Dv5UCvPngSUB9vuJuN_w:1sE9Eg:UwxFh_OiXoIqXatB1V_NPXH2pfDGeW8YF10R_fKM7us", "expire_date": "2024-06-17T15:04:34.970Z"}}, {"model": "sessions.session", "pk": "4w3x3wnzxqqni54a309bohn0v763bfsc", "fields": {"session_data": ".eJxVjDEOwjAQBP_iGlnGjn2Ekp43RJu7Mw6gRIqTCvF3iJQC2p2ZfZkO61K6tercDWLOxpvD79aDHzpuQO4Yb5PlaVzmobebYnda7XUSfV529--goJZvHRwxcEQKgpgJSoiaG3Kc1PGplcgJUTT60CTyPWVGILRJgk-OW_P-AAHTOGA:1sjJPf:PtIZjxz8w8-oVYf1QTSe7ZfPOpGDgkFRmDg7X9WiKXA", "expire_date": "2024-09-11T14:12:43.926Z"}}, {"model": "sessions.session", "pk": "4xaefplnncao9d22cgrc47lzka1sndxv", "fields": {"session_data": ".eJxVjLsOwjAMAP8lM4qchwkwsvcbKic2pIASqWknxL_TSB1gvTvdW420Lnlcm8zjxOqijDr8skjpKaULflC5V51qWeYp6p7o3TY9VJbXdW__Bpla7ltODgHBpngSxBudkzvaQIYdSETxGAMaQSZDEK0Dv5UCvPngSUB9vuJuN_w:1qeu92:dSr_xZobNmq1X9dZWCUCwrp7gXXUHeBuqgRGZ5yJqoI", "expire_date": "2023-09-23T09:20:48.744Z"}}, {"model": "sessions.session", "pk": "53o54iwg68tbiuz4vwkvp3jhnftyfnsu", "fields": {"session_data": ".eJxVjEEOwiAQRe_C2hBaoDAu3fcMZJgZpWpoUtqV8e7apAvd_vfef6mE21rS1mRJE6uz6tXpd8tID6k74DvW26xprusyZb0r-qBNjzPL83K4fwcFW_nWCKazPpNzFIhyhmA6YAwZAxsUiI4M-MEG8VEsmBgBGV1kMBiuQ6_eH-sDN-M:1pw6Bm:NKO-zi-slepiWBdZauAu_o6QMvdS3SYv6SDlrXvseDk", "expire_date": "2023-05-22T19:06:26.139Z"}}, {"model": "sessions.session", "pk": "56e96s6yc2dqsvppftovihc532w3p9q9", "fields": {"session_data": ".eJxljEsKwjAUAO-SdQnNP-nSvWcI-bzYaEygbdyId5dKEcTtzDBP5EJovW72AUtOGaKFu8sFTbWXMnxtX2FBE2JoQNb1bf4Am-M_8y7coO4iXl29NBxa3Zbs8Z7gw6743CKU09H-DGa3zvuWCK1oUpoaNuoghZcyciEk11xw4_SoEzVJEZGkp8bHxBgoaQgxUREK6PUGMh5H5Q:1pYUuH:nucrrLi76Hz5hmrpujFj8KfRpYcWVdLSFll-yMoki1A", "expire_date": "2023-03-18T16:38:49.879Z"}}, {"model": "sessions.session", "pk": "5jlwsyqw62umdrcuocps67e5jckrb4ap", "fields": {"session_data": ".eJxVjDEOwjAQBP_iGlnGjn2Ekp43RJu7Mw6gRIqTCvF3iJQC2p2ZfZkO61K6tercDWLOxpvD79aDHzpuQO4Yb5PlaVzmobebYnda7XUSfV529--goJZvHRwxcEQKgpgJSoiaG3Kc1PGplcgJUTT60CTyPWVGILRJgk-OW_P-AAHTOGA:1sjNn6:LB9wI3mlDsAG44JsZvhilCmDDUOrqrGk78yNkjpCi7Y", "expire_date": "2024-09-11T18:53:12.522Z"}}, {"model": "sessions.session", "pk": "5p80j76h9ywmfw5chvt9fia2c3c963e7", "fields": {"session_data": ".eJxVjEEOwiAQRe_C2hBggLYu3XsGMjCDVA0kpV0Z765NutDtf-_9lwi4rSVsnZcwkzgLrcTpd4yYHlx3QnestyZTq-syR7kr8qBdXhvx83K4fwcFe_nWEBWMBjwhZENxSM6RU8Z7RnRsWIH1RMPoOWZNZCdrY8qO0E2Jsgbx_gAMWDi6:1qmH3Z:1DgT2zCnvxxnCYQBaUiF9j1wuHl8GOZhSoXcR7V1-5I", "expire_date": "2023-10-13T17:13:37.763Z"}}, {"model": "sessions.session", "pk": "6uqmtzk96to5q11zt3ldshrs68kxbl5f", "fields": {"session_data": ".eJxVjLsOwjAMAP8lM4qchwkwsvcbKic2pIASqWknxL_TSB1gvTvdW420Lnlcm8zjxOqijDr8skjpKaULflC5V51qWeYp6p7o3TY9VJbXdW__Bpla7ltODgHBpngSxBudkzvaQIYdSETxGAMaQSZDEK0Dv5UCvPngSUB9vuJuN_w:1rhWsn:MY08fGRLaIYbu_2V-c_irGzjRkB_B26tDgu_SmwOsrg", "expire_date": "2024-03-19T15:39:09.227Z"}}, {"model": "sessions.session", "pk": "82w0rxlsb8p4twbcpw5f7z1lxgtvm34v", "fields": {"session_data": ".eJxVjMsOwiAQRf-FtSEMlEdduvcbyDAMUjU0Ke3K-O_apAvd3nPOfYmI21rj1nmJUxZnYcXpd0tID247yHdst1nS3NZlSnJX5EG7vM6Zn5fD_Tuo2Ou3NgZTKNokGAdPHoC1t5YQFEEOyinUTCNxYVfCQMEoAwOwDehYE5N4fwDalDf0:1rDi9H:13qHH5Fcc9dfR0_4qLFb3D7NJDzVogopr4fqPHaMtzg", "expire_date": "2023-12-28T09:36:55.817Z"}}, {"model": "sessions.session", "pk": "8hydt3qsvp99ouamenahgc12dklt0s5i", "fields": {"session_data": ".eJxVjEEOwiAQRe_C2hBggLYu3XsGMjCDVA0kpV0Z765NutDtf-_9lwi4rSVsnZcwkzgLrcTpd4yYHlx3QnestyZTq-syR7kr8qBdXhvx83K4fwcFe_nWEBWMBjwhZENxSM6RU8Z7RnRsWIH1RMPoOWZNZCdrY8qO0E2Jsgbx_gAMWDi6:1r66JB:0khtKRxEoFRuGfkpGTEZElEtcUIMeY3cCTPXNjBFSuQ", "expire_date": "2023-12-07T09:47:41.676Z"}}, {"model": "sessions.session", "pk": "9bvh7x8v3mxslpkwratvbq0c4qek1c8j", "fields": {"session_data": ".eJxVjLsOwjAMAP8lM4qchwkwsvcbKic2pIASqWknxL_TSB1gvTvdW420Lnlcm8zjxOqijDr8skjpKaULflC5V51qWeYp6p7o3TY9VJbXdW__Bpla7ltODgHBpngSxBudkzvaQIYdSETxGAMaQSZDEK0Dv5UCvPngSUB9vuJuN_w:1r0Oq5:uu0YzZuUhTy7qhVH_R2J1eNP1rTa5JXykfa75UG-hco", "expire_date": "2023-11-21T16:22:05.044Z"}}, {"model": "sessions.session", "pk": "9clzti1o10azuy4s73pa5d0qlyvhre94", "fields": {"session_data": ".eJxVjMsOwiAQRf-FtSEMlEdduvcbyDAMUjU0Ke3K-O_apAvd3nPOfYmI21rj1nmJUxZnYcXpd0tID247yHdst1nS3NZlSnJX5EG7vM6Zn5fD_Tuo2Ou3NgZTKNokGAdPHoC1t5YQFEEOyinUTCNxYVfCQMEoAwOwDehYE5N4fwDalDf0:1qXOOc:iFm7fSvuuyGQp3--a2xtThSnkWgkW4zDDO-QD43t6t4", "expire_date": "2023-09-02T16:01:50.501Z"}}, {"model": "sessions.session", "pk": "9pi75ubi01g4pdanyrb9u6njwdjak9qy", "fields": {"session_data": ".eJxVjEEOwiAQRe_C2hBggLYu3XsGMjCDVA0kpV0Z765NutDtf-_9lwi4rSVsnZcwkzgLrcTpd4yYHlx3QnestyZTq-syR7kr8qBdXhvx83K4fwcFe_nWEBWMBjwhZENxSM6RU8Z7RnRsWIH1RMPoOWZNZCdrY8qO0E2Jsgbx_gAMWDi6:1rBBPR:0W41C-IV6W3t0Rav6Fs4g5YWdJfRNpzkFcebuLYI0cA", "expire_date": "2023-12-21T10:15:09.282Z"}}, {"model": "sessions.session", "pk": "9tv31jbt4g5psa18x1ujjwpb5748qvec", "fields": {"session_data": ".eJxVjLsOwjAMAP8lM4qchwkwsvcbKic2pIASqWknxL_TSB1gvTvdW420Lnlcm8zjxOqijDr8skjpKaULflC5V51qWeYp6p7o3TY9VJbXdW__Bpla7ltODgHBpngSxBudkzvaQIYdSETxGAMaQSZDEK0Dv5UCvPngSUB9vuJuN_w:1qrLgE:vWBr_WXvwCOWV5ZEW8VJnB9GFxhNIVm1eT29iYHli2M", "expire_date": "2023-10-27T17:10:30.519Z"}}, {"model": "sessions.session", "pk": "9xwbpde1ohb82k5ypsrz8xctlc0bsjao", "fields": {"session_data": ".eJxVjMsOwiAQRf-FtSEMlEdduvcbyDAMUjU0Ke3K-O_apAvd3nPOfYmI21rj1nmJUxZnYcXpd0tID247yHdst1nS3NZlSnJX5EG7vM6Zn5fD_Tuo2Ou3NgZTKNokGAdPHoC1t5YQFEEOyinUTCNxYVfCQMEoAwOwDehYE5N4fwDalDf0:1qKHJf:b-4iTmh9vWSPzLaZJ5_WKIMCf7ysP9FhQZYBxcvX3_Q", "expire_date": "2023-07-28T11:50:31.786Z"}}, {"model": "sessions.session", "pk": "akgq5zoicvk32gzp1ae3e6gjp8lbozpj", "fields": {"session_data": ".eJxVjEEOgjAQRe_StWla6AyDS_eegbQzg6CmTSisjHdXEha6_e-9_zJD3NZp2KouwyzmbLw5_W4p8kPzDuQe861YLnld5mR3xR602msRfV4O9-9ginX61go-sAsi2LmWkiYYW8KRASEiaN8SEbjQUSNOPYSeRRETEzSd55HM-wPSujdh:1slvVy:u6kQw-9I1b1EiD5bMVK_xysvFgsjhOu30vORM7iZ3II", "expire_date": "2024-09-18T19:18:02.079Z"}}, {"model": "sessions.session", "pk": "cf22jj3b79ied0n1e6a3y3axyteu1lbp", "fields": {"session_data": ".eJxVjMsOwiAQRf-FtSEMlEdduvcbyDAMUjU0Ke3K-O_apAvd3nPOfYmI21rj1nmJUxZnYcXpd0tID247yHdst1nS3NZlSnJX5EG7vM6Zn5fD_Tuo2Ou3NgZTKNokGAdPHoC1t5YQFEEOyinUTCNxYVfCQMEoAwOwDehYE5N4fwDalDf0:1r8g5P:g5_EHVM3mFtf1A--m5h7IQC4ubYcr2zaDFjJ_SuDFC4", "expire_date": "2023-12-14T12:24:07.825Z"}}, {"model": "sessions.session", "pk": "e0lvkao9j6y3e001fg7pzsnofok4ak8h", "fields": {"session_data": ".eJxVjMsOwiAQRf-FtSEMlEdduvcbyDAMUjU0Ke3K-O_apAvd3nPOfYmI21rj1nmJUxZnYcXpd0tID247yHdst1nS3NZlSnJX5EG7vM6Zn5fD_Tuo2Ou3NgZTKNokGAdPHoC1t5YQFEEOyinUTCNxYVfCQMEoAwOwDehYE5N4fwDalDf0:1qqdnP:q2W-9sP8Vyh11WI1oO7-5WjQuNJKXkmqQvksCVGfCM4", "expire_date": "2023-10-25T18:18:59.071Z"}}, {"model": "sessions.session", "pk": "ebovjehi6wrrgj0a1ej1ks67nnc0yonx", "fields": {"session_data": ".eJxVjMsOwiAQRf-FtSEMlEdduvcbyDAMUjU0Ke3K-O_apAvd3nPOfYmI21rj1nmJUxZnYcXpd0tID247yHdst1nS3NZlSnJX5EG7vM6Zn5fD_Tuo2Ou3NgZTKNokGAdPHoC1t5YQFEEOyinUTCNxYVfCQMEoAwOwDehYE5N4fwDalDf0:1q59eX:BM2ErMsGrj2KXWwRxmB_ksV53rsUa9wBHWIY7rNaooc", "expire_date": "2023-06-16T18:37:33.697Z"}}, {"model": "sessions.session", "pk": "g66wj0w7no4k9xbwwg3hkbhxn8ej7msh", "fields": {"session_data": ".eJxVjLsOwjAMAP8lM4qchwkwsvcbKic2pIASqWknxL_TSB1gvTvdW420Lnlcm8zjxOqijDr8skjpKaULflC5V51qWeYp6p7o3TY9VJbXdW__Bpla7ltODgHBpngSxBudkzvaQIYdSETxGAMaQSZDEK0Dv5UCvPngSUB9vuJuN_w:1pSyep:_1nZvJZaRN71o0NILdIapxY6w6vPvQMejzJUhLLr-Wo", "expire_date": "2023-03-03T11:12:03.050Z"}}, {"model": "sessions.session", "pk": "g87dnnf50leo3dwhkr2ahj066mqnryqj", "fields": {"session_data": ".eJxVjMsOwiAQRf-FtSEMlEdduvcbyDAMUjU0Ke3K-O_apAvd3nPOfYmI21rj1nmJUxZnYcXpd0tID247yHdst1nS3NZlSnJX5EG7vM6Zn5fD_Tuo2Ou3NgZTKNokGAdPHoC1t5YQFEEOyinUTCNxYVfCQMEoAwOwDehYE5N4fwDalDf0:1r5UQR:72DBzrAXh-Fr9ch8GR0Go3bDGeVVIkjryypvUZsXZ08", "expire_date": "2023-12-05T17:20:39.311Z"}}, {"model": "sessions.session", "pk": "gj5zmx2r17dkv6az1w9jvimz3me5o41u", "fields": {"session_data": ".eJxVjLsOwjAMAP8lM4qchwkwsvcbKic2pIASqWknxL_TSB1gvTvdW420Lnlcm8zjxOqijDr8skjpKaULflC5V51qWeYp6p7o3TY9VJbXdW__Bpla7ltODgHBpngSxBudkzvaQIYdSETxGAMaQSZDEK0Dv5UCvPngSUB9vuJuN_w:1puJFF:uByuIfGjNLFuuBTN6qPDsRg3o0HKFgz7LFUOCRCRvic", "expire_date": "2023-05-17T20:38:37.542Z"}}, {"model": "sessions.session", "pk": "gmv7rxkaddriubfmgoc5ndecgmm0d8bo", "fields": {"session_data": ".eJxVjEEOgjAQRe_StWla6AyDS_eegbQzg6CmTSisjHdXEha6_e-9_zJD3NZp2KouwyzmbLw5_W4p8kPzDuQe861YLnld5mR3xR602msRfV4O9-9ginX61go-sAsi2LmWkiYYW8KRASEiaN8SEbjQUSNOPYSeRRETEzSd55HM-wPSujdh:1sogkl:0f95De2cNKliDmSDxhps1mQrEZuDKXmLQbTbhw1PQQA", "expire_date": "2024-09-26T10:08:43.597Z"}}, {"model": "sessions.session", "pk": "h6nh96lqd9yabwow6vhdpwv5mts0rf9l", "fields": {"session_data": ".eJxVjDEOwjAQBP_iGlnGjn2Ekp43RJu7Mw6gRIqTCvF3iJQC2p2ZfZkO61K6tercDWLOxpvD79aDHzpuQO4Yb5PlaVzmobebYnda7XUSfV529--goJZvHRwxcEQKgpgJSoiaG3Kc1PGplcgJUTT60CTyPWVGILRJgk-OW_P-AAHTOGA:1so1sw:xE42rHjIFcAdwLGdIPd1qRXG0QJ-QPlIuQ2i0byJWb8", "expire_date": "2024-09-24T14:30:26.842Z"}}, {"model": "sessions.session", "pk": "himvq8ptixrghx7flgntx1dw9fv74na8", "fields": {"session_data": ".eJxVjEEOwiAQRe_C2hBaoDAu3fcMZJgZpWpoUtqV8e7apAvd_vfef6mE21rS1mRJE6uz6tXpd8tID6k74DvW26xprusyZb0r-qBNjzPL83K4fwcFW_nWCKazPpNzFIhyhmA6YAwZAxsUiI4M-MEG8VEsmBgBGV1kMBiuQ6_eH-sDN-M:1pwifn:NfCtCzaQqPxRspYjXOsLkDdXxpYyM4_BhZErfHmdr9E", "expire_date": "2023-05-24T12:11:59.224Z"}}, {"model": "sessions.session", "pk": "hqbzgrpvhodrtvbplkf214jthx34ck2q", "fields": {"session_data": ".eJxVjLsOwjAMAP8lM4qchwkwsvcbKic2pIASqWknxL_TSB1gvTvdW420Lnlcm8zjxOqijDr8skjpKaULflC5V51qWeYp6p7o3TY9VJbXdW__Bpla7ltODgHBpngSxBudkzvaQIYdSETxGAMaQSZDEK0Dv5UCvPngSUB9vuJuN_w:1pVZlG:Dfx0t7f5X4JtTJEkzpVCAkbMoOTKCDK6SQ5WLur_OJs", "expire_date": "2023-03-10T15:13:26.909Z"}}, {"model": "sessions.session", "pk": "il5fw2xfjzs0ue9btl309tdwxo2y26ev", "fields": {"session_data": ".eJxVjEEOwiAQRe_C2hBaoDAu3fcMZJgZpWpoUtqV8e7apAvd_vfef6mE21rS1mRJE6uz6tXpd8tID6k74DvW26xprusyZb0r-qBNjzPL83K4fwcFW_nWCKazPpNzFIhyhmA6YAwZAxsUiI4M-MEG8VEsmBgBGV1kMBiuQ6_eH-sDN-M:1rYqVp:eM5J7Zo0MqRhsl_iEp0511wLZqMjru-S6PRcxqZfm60", "expire_date": "2024-02-24T16:47:33.728Z"}}, {"model": "sessions.session", "pk": "jk01rtawx30sqfs3eiytf6v2nv357vyo", "fields": {"session_data": ".eJxVjEEOgjAQRe_StWla6AyDS_eegbQzg6CmTSisjHdXEha6_e-9_zJD3NZp2KouwyzmbLw5_W4p8kPzDuQe861YLnld5mR3xR602msRfV4O9-9ginX61go-sAsi2LmWkiYYW8KRASEiaN8SEbjQUSNOPYSeRRETEzSd55HM-wPSujdh:1slvVw:qXffKuu5YYivPQ0if48q8eXRyzyUHPSwEV7Zhy-b7cU", "expire_date": "2024-09-18T19:18:00.933Z"}}, {"model": "sessions.session", "pk": "jmwhai2o6hip5gbsolxnha43sl7dp6nr", "fields": {"session_data": ".eJxljEEOgyAURO_C2hhRQHHZfc9APvxPpaWQqHTT9O7VxjRpmtnNezNPBs7lklbzoDn4QGjoDiGyMZUYqy8tC81sZIJVzEBZp09hAv53FtyN0g7wCumSa5fTOgdb70p90KU-Z6R4OtyfgwmWaVtL3VvLqenEIAcEjuR9r3zDB2nVFmFbgdLzTqMiQa5XqK1uueDQEQBnrzeBKknI:1puGS5:yRgG1lV8dz2Y477J56kSAOZfzHmy855ZrMtmzv8Z4Ts", "expire_date": "2023-05-17T17:39:41.855Z"}}, {"model": "sessions.session", "pk": "keoq756r4dkkcgps2dg7d6o81kxx8wwc", "fields": {"session_data": ".eJxVjEEOwiAQRe_C2hBaoDAu3fcMZJgZpWpoUtqV8e7apAvd_vfef6mE21rS1mRJE6uz6tXpd8tID6k74DvW26xprusyZb0r-qBNjzPL83K4fwcFW_nWCKazPpNzFIhyhmA6YAwZAxsUiI4M-MEG8VEsmBgBGV1kMBiuQ6_eH-sDN-M:1rYqck:ee1WBeMj-2_2YGJm8INc8bYYvdB6but7QttjKosPFDo", "expire_date": "2024-02-24T16:54:42.598Z"}}, {"model": "sessions.session", "pk": "lsyt8jthbptlg63omhqrvjjl3zl8bej4", "fields": {"session_data": ".eJxVjLsOwjAMAP8lM4qchwkwsvcbKic2pIASqWknxL_TSB1gvTvdW420Lnlcm8zjxOqijDr8skjpKaULflC5V51qWeYp6p7o3TY9VJbXdW__Bpla7ltODgHBpngSxBudkzvaQIYdSETxGAMaQSZDEK0Dv5UCvPngSUB9vuJuN_w:1sE9Ej:_32Puxh1I8s4R5xOUXuf4gTVCCvf3tDTAh3dC2XqPKA", "expire_date": "2024-06-17T15:04:37.246Z"}}, {"model": "sessions.session", "pk": "lysfpx7y2bufei6dqnv9ffs79d7yo4ls", "fields": {"session_data": ".eJxVjDEOwjAQBP_iGlnGjn2Ekp43RJu7Mw6gRIqTCvF3iJQC2p2ZfZkO61K6tercDWLOxpvD79aDHzpuQO4Yb5PlaVzmobebYnda7XUSfV529--goJZvHRwxcEQKgpgJSoiaG3Kc1PGplcgJUTT60CTyPWVGILRJgk-OW_P-AAHTOGA:1slTBP:yWLQyTSSWlirYJKv2RoaLVFpjQwmq0caHp_5cBqBUvc", "expire_date": "2024-09-17T13:02:55.366Z"}}, {"model": "sessions.session", "pk": "mnin8b5usozgwo3rlvnhbx6hdzfu7w0o", "fields": {"session_data": ".eJxVjDEOwjAQBP_iGlnGjn2Ekp43RJu7Mw6gRIqTCvF3iJQC2p2ZfZkO61K6tercDWLOxpvD79aDHzpuQO4Yb5PlaVzmobebYnda7XUSfV529--goJZvHRwxcEQKgpgJSoiaG3Kc1PGplcgJUTT60CTyPWVGILRJgk-OW_P-AAHTOGA:1sjI14:QfvlBF32pL3cOyuZsLNvj7XgTeJEYwgp8VDo50g1HbU", "expire_date": "2024-09-11T12:43:14.074Z"}}, {"model": "sessions.session", "pk": "ny64vt8c8v1usp005xe5m2xthkpnuajr", "fields": {"session_data": ".eJxVjMsOwiAQRf-FtSEMlEdduvcbyDAMUjU0Ke3K-O_apAvd3nPOfYmI21rj1nmJUxZnYcXpd0tID247yHdst1nS3NZlSnJX5EG7vM6Zn5fD_Tuo2Ou3NgZTKNokGAdPHoC1t5YQFEEOyinUTCNxYVfCQMEoAwOwDehYE5N4fwDalDf0:1qJfJ1:kkEcXtLZg1zcTcCEzM0VXQoKaCrPzUpVLfCsyvx9jWM", "expire_date": "2023-07-26T19:15:19.217Z"}}, {"model": "sessions.session", "pk": "nzb9kxgptus7bub80o6c3cztpbowjwky", "fields": {"session_data": ".eJxVjEEOwiAQRe_C2hBggLYu3XsGMjCDVA0kpV0Z765NutDtf-_9lwi4rSVsnZcwkzgLrcTpd4yYHlx3QnestyZTq-syR7kr8qBdXhvx83K4fwcFe_nWEBWMBjwhZENxSM6RU8Z7RnRsWIH1RMPoOWZNZCdrY8qO0E2Jsgbx_gAMWDi6:1sJzsW:UwUGmPfCo75rnSavLyvvo5AZRqwKad8VZtKTBnJqDnw", "expire_date": "2024-07-03T18:17:52.730Z"}}, {"model": "sessions.session", "pk": "o00qjgdl1d3crvx4gshqe4vqg1a0q1td", "fields": {"session_data": ".eJxVjMsOwiAQRf-FtSEMlEdduvcbyDAMUjU0Ke3K-O_apAvd3nPOfYmI21rj1nmJUxZnYcXpd0tID247yHdst1nS3NZlSnJX5EG7vM6Zn5fD_Tuo2Ou3NgZTKNokGAdPHoC1t5YQFEEOyinUTCNxYVfCQMEoAwOwDehYE5N4fwDalDf0:1rBD1f:Upx1Bg_DfERXDhrX5wIeVCzzGte9iXprf-oA9idyKKw", "expire_date": "2023-12-21T11:58:43.453Z"}}, {"model": "sessions.session", "pk": "oeas4hakd593z75yp70wbbm4cc3qo55o", "fields": {"session_data": ".eJxVjLsOwjAMAP8lM4qchwkwsvcbKic2pIASqWknxL_TSB1gvTvdW420Lnlcm8zjxOqijDr8skjpKaULflC5V51qWeYp6p7o3TY9VJbXdW__Bpla7ltODgHBpngSxBudkzvaQIYdSETxGAMaQSZDEK0Dv5UCvPngSUB9vuJuN_w:1qeu93:VblxhAfdCA8jP8qDbnhJ5FEp3Ci6k2UXI2zTjcuf2QE", "expire_date": "2023-09-23T09:20:49.742Z"}}, {"model": "sessions.session", "pk": "s22zghd5uxo7r9vcpwct3mhuq21646nd", "fields": {"session_data": ".eJxVjEEOwiAQRe_C2hBaoDAu3fcMZJgZpWpoUtqV8e7apAvd_vfef6mE21rS1mRJE6uz6tXpd8tID6k74DvW26xprusyZb0r-qBNjzPL83K4fwcFW_nWCKazPpNzFIhyhmA6YAwZAxsUiI4M-MEG8VEsmBgBGV1kMBiuQ6_eH-sDN-M:1pwdlJ:Cdqr7Vvg3MC7cbLersA5uUEBxINLyFv3yQZYW5aIpMo", "expire_date": "2023-05-24T06:57:21.723Z"}}, {"model": "sessions.session", "pk": "s3t3p9xjti12owd1cvq8gil9kfmoh2h9", "fields": {"session_data": ".eJxVjDsOwyAQBe9CHSF-CyZlep8BLSwEJxGWjF1FuXtsyUXSvpl5bxZwW2vYel7CROzKpGCX3zFieuZ2EHpgu888zW1dpsgPhZ-083Gm_Lqd7t9BxV73OllpNXiQiF54G2mQEONQwJDVGXMqBhwiklKGtFPJlax200kNTijDPl8B9zej:1snLRr:oh5COyONtdFa8AklupOMfjouLodOPSugkpy4lMRMkWs", "expire_date": "2024-09-22T17:11:39.457Z"}}, {"model": "sessions.session", "pk": "sg7edxwec11crmrsjzmuwv09nwl5tu1c", "fields": {"session_data": ".eJxVjEEOwiAQRe_C2hBggLYu3XsGMjCDVA0kpV0Z765NutDtf-_9lwi4rSVsnZcwkzgLrcTpd4yYHlx3QnestyZTq-syR7kr8qBdXhvx83K4fwcFe_nWEBWMBjwhZENxSM6RU8Z7RnRsWIH1RMPoOWZNZCdrY8qO0E2Jsgbx_gAMWDi6:1rk3iX:5095M-HL47hlYer9pqcRq3KyN-91rPp_qWEe7yFeec8", "expire_date": "2024-03-26T15:07:01.429Z"}}, {"model": "sessions.session", "pk": "swh5bh3zak8b8ucoc4i63i6t2ff8ky74", "fields": {"session_data": ".eJxVjLsOwjAMAP8lM4qchwkwsvcbKic2pIASqWknxL_TSB1gvTvdW420Lnlcm8zjxOqijDr8skjpKaULflC5V51qWeYp6p7o3TY9VJbXdW__Bpla7ltODgHBpngSxBudkzvaQIYdSETxGAMaQSZDEK0Dv5UCvPngSUB9vuJuN_w:1qeu94:UrbfKun_3RCcn_SlFpxX2HGPpDNcewXZy6xAJ_qHUPk", "expire_date": "2023-09-23T09:20:50.658Z"}}, {"model": "sessions.session", "pk": "t44tefhpz99vby2pbptcl3kgfajjoruw", "fields": {"session_data": ".eJxVjLsOwjAMAP8lM4qchwkwsvcbKic2pIASqWknxL_TSB1gvTvdW420Lnlcm8zjxOqijDr8skjpKaULflC5V51qWeYp6p7o3TY9VJbXdW__Bpla7ltODgHBpngSxBudkzvaQIYdSETxGAMaQSZDEK0Dv5UCvPngSUB9vuJuN_w:1qeu97:cZhN9XVHm9I5z43lMQLiSZzwJydL-E8GwvutEvoLaIg", "expire_date": "2023-09-23T09:20:53.079Z"}}, {"model": "sessions.session", "pk": "t4c6l716a8wwfsiac81m38y5uzl27zci", "fields": {"session_data": ".eJxVjDEOwjAQBP_iGlnGjn2Ekp43RJu7Mw6gRIqTCvF3iJQC2p2ZfZkO61K6tercDWLOxpvD79aDHzpuQO4Yb5PlaVzmobebYnda7XUSfV529--goJZvHRwxcEQKgpgJSoiaG3Kc1PGplcgJUTT60CTyPWVGILRJgk-OW_P-AAHTOGA:1sc3tF:F8W1B_quzo0PKo9hs5pyqvRg3pvOk30kWk00_L0FWGU", "expire_date": "2024-08-22T14:13:17.218Z"}}, {"model": "sessions.session", "pk": "tvu7ndfnioct0xzg1cuhl81hxz3wfr9s", "fields": {"session_data": ".eJxVjLsOwjAMAP8lM4qchwkwsvcbKic2pIASqWknxL_TSB1gvTvdW420Lnlcm8zjxOqijDr8skjpKaULflC5V51qWeYp6p7o3TY9VJbXdW__Bpla7ltODgHBpngSxBudkzvaQIYdSETxGAMaQSZDEK0Dv5UCvPngSUB9vuJuN_w:1qeu96:e1vnrjFSyeC5ZZRk8UG4zv7kMq1UIZLC6A3gmPjtv3I", "expire_date": "2023-09-23T09:20:52.177Z"}}, {"model": "sessions.session", "pk": "v6qhim0eymx1q3c9p0qw9z7xyjapw09i", "fields": {"session_data": ".eJxVjMsOwiAQRf-FtSEMlEdduvcbyDAMUjU0Ke3K-O_apAvd3nPOfYmI21rj1nmJUxZnYcXpd0tID247yHdst1nS3NZlSnJX5EG7vM6Zn5fD_Tuo2Ou3NgZTKNokGAdPHoC1t5YQFEEOyinUTCNxYVfCQMEoAwOwDehYE5N4fwDalDf0:1rDi9H:13qHH5Fcc9dfR0_4qLFb3D7NJDzVogopr4fqPHaMtzg", "expire_date": "2023-12-28T09:36:55.821Z"}}, {"model": "sessions.session", "pk": "vvxq0fz8x8zm7l2bh66kbltmpqzesatg", "fields": {"session_data": ".eJxVjLsOwjAMAP8lM4qchwkwsvcbKic2pIASqWknxL_TSB1gvTvdW420Lnlcm8zjxOqijDr8skjpKaULflC5V51qWeYp6p7o3TY9VJbXdW__Bpla7ltODgHBpngSxBudkzvaQIYdSETxGAMaQSZDEK0Dv5UCvPngSUB9vuJuN_w:1qc4NN:Ns6cl-4LQWvku6xd5Ccc-JqWEhxHCUIyrGKq96PfkSI", "expire_date": "2023-09-15T13:39:53.151Z"}}, {"model": "sessions.session", "pk": "xoocpto0jtxmargza34vfjvdeygxofim", "fields": {"session_data": ".eJxVjEEOwiAQRe_C2hBggLYu3XsGMjCDVA0kpV0Z765NutDtf-_9lwi4rSVsnZcwkzgLrcTpd4yYHlx3QnestyZTq-syR7kr8qBdXhvx83K4fwcFe_nWEBWMBjwhZENxSM6RU8Z7RnRsWIH1RMPoOWZNZCdrY8qO0E2Jsgbx_gAMWDi6:1rQOii:gj6GfRWC-XsRBppP1mq_gY3Lwpv8tqt8Zh6n6ODnFxo", "expire_date": "2024-02-01T09:29:56.736Z"}}, {"model": "sessions.session", "pk": "xp98b9yr7tg2u11gumg8ktsj6nqq5eiv", "fields": {"session_data": ".eJxVjEEOwiAQRe_C2hBaoDAu3fcMZJgZpWpoUtqV8e7apAvd_vfef6mE21rS1mRJE6uz6tXpd8tID6k74DvW26xprusyZb0r-qBNjzPL83K4fwcFW_nWCKazPpNzFIhyhmA6YAwZAxsUiI4M-MEG8VEsmBgBGV1kMBiuQ6_eH-sDN-M:1puGh5:KH0boQCUzygZ00RILzTAna3pFjoTpkr-K5dChzB3yak", "expire_date": "2023-05-17T17:55:11.107Z"}}, {"model": "sessions.session", "pk": "yr1cjdoxlok0ztxi309cj9nysuz30rc6", "fields": {"session_data": ".eJxVjMsOwiAQRf-FtSEMlEdduvcbyDAMUjU0Ke3K-O_apAvd3nPOfYmI21rj1nmJUxZnYcXpd0tID247yHdst1nS3NZlSnJX5EG7vM6Zn5fD_Tuo2Ou3NgZTKNokGAdPHoC1t5YQFEEOyinUTCNxYVfCQMEoAwOwDehYE5N4fwDalDf0:1qbOy0:v97N2ZgQe9r4Yao5zpaMnSXyArgILLwnqjkNbJ2Xscw", "expire_date": "2023-09-13T17:26:56.143Z"}}, {"model": "sessions.session", "pk": "z8wda3m2qv3ca89mp3gv7sc8nhwv1am5", "fields": {"session_data": ".eJxVjEEOwiAQRe_C2hBggLYu3XsGMjCDVA0kpV0Z765NutDtf-_9lwi4rSVsnZcwkzgLrcTpd4yYHlx3QnestyZTq-syR7kr8qBdXhvx83K4fwcFe_nWEBWMBjwhZENxSM6RU8Z7RnRsWIH1RMPoOWZNZCdrY8qO0E2Jsgbx_gAMWDi6:1qr0HY:yOP40-q1ZGB7YGUyIcfH0BC84JWAjMGZBHYGsrizbNg", "expire_date": "2023-10-26T18:19:36.672Z"}}, {"model": "authtoken.token", "pk": "eb5f3044f6a467fa12e129c4350cba263764f934", "fields": {"user": 3, "created": "2023-03-04T16:21:25.887Z"}}, {"model": "sites.site", "pk": 1, "fields": {"domain": "example.com", "name": "example.com"}}, {"model": "profiles.profile", "pk": 2, "fields": {"user": 2, "created_at": "2023-02-24T16:31:10.980Z", "updated_at": "2024-09-04T18:45:29.581Z", "bio": "test bio new", "image": "media/images/placeholder"}}, {"model": "profiles.profile", "pk": 3, "fields": {"user": 3, "created_at": "2023-03-04T16:21:25.798Z", "updated_at": "2023-03-04T16:21:25.798Z", "bio": null, "image": "../default_profile_qdjgyp"}}, {"model": "profiles.profile", "pk": 4, "fields": {"user": 4, "created_at": "2023-05-03T16:51:16.784Z", "updated_at": "2023-05-03T16:51:16.784Z", "bio": null, "image": "../default_profile_qdjgyp"}}, {"model": "profiles.profile", "pk": 5, "fields": {"user": 5, "created_at": "2023-06-02T18:37:26.432Z", "updated_at": "2023-07-10T21:32:31.380Z", "bio": null, "image": "media/images/default_profile"}}, {"model": "profiles.profile", "pk": 6, "fields": {"user": 6, "created_at": "2023-07-10T21:23:49.228Z", "updated_at": "2023-07-10T21:23:49.228Z", "bio": null, "image": "../default_profile_qdjgyp"}}, {"model": "profiles.profile", "pk": 7, "fields": {"user": 7, "created_at": "2023-07-10T21:26:45.143Z", "updated_at": "2023-07-10T21:26:45.143Z", "bio": null, "image": "default_profile_qdjgyp.jpg"}}, {"model": "profiles.profile", "pk": 8, "fields": {"user": 8, "created_at": "2023-07-11T07:30:33.517Z", "updated_at": "2023-07-11T07:30:33.517Z", "bio": null, "image": "default_profile_qdjgyp.jpg"}}, {"model": "profiles.profile", "pk": 9, "fields": {"user": 9, "created_at": "2023-07-11T07:33:21.996Z", "updated_at": "2023-07-11T07:33:21.996Z", "bio": null, "image": "default_profile"}}, {"model": "profiles.profile", "pk": 10, "fields": {"user": 10, "created_at": "2023-08-18T14:08:32.017Z", "updated_at": "2024-09-08T17:18:28.549Z", "bio": "here is my bio", "image": "media/images/user_placeholder"}}, {"model": "profiles.profile", "pk": 11, "fields": {"user": 11, "created_at": "2023-11-10T09:13:15.859Z", "updated_at": "2023-11-10T09:13:15.859Z", "bio": null, "image": "default_profile"}}, {"model": "profiles.profile", "pk": 12, "fields": {"user": 12, "created_at": "2023-11-14T18:27:05.081Z", "updated_at": "2023-11-14T18:27:05.081Z", "bio": null, "image": "default_profile"}}, {"model": "profiles.profile", "pk": 13, "fields": {"user": 13, "created_at": "2023-11-14T21:17:24.553Z", "updated_at": "2023-11-14T21:17:24.553Z", "bio": null, "image": "default_profile"}}, {"model": "events.event", "pk": 131, "fields": {"created_by": 10, "title": "test", "starts_at": "2023-09-29T23:00:00Z", "ends_at": "2023-09-29T23:00:00Z", "lat": "53.4129100000", "long": "-8.2438900000", "address": "Ireland", "place_id": "ChIJ-ydAXOS6WUgRCPTbzjQSfM8", "created_at": "2023-09-08T20:59:00.086Z", "updated_at": "2023-09-08T20:59:00.086Z", "main_image": ""}}, {"model": "events.event", "pk": 132, "fields": {"created_by": 10, "title": "test", "starts_at": "2023-09-22T23:00:00Z", "ends_at": "2023-09-29T23:00:00Z", "lat": "53.2740010000", "long": "-9.0512661990", "address": "Galway, Ireland", "place_id": "ChIJ_1stWpWTW0gRgVJJCkQbKwM", "created_at": "2023-09-09T09:36:48.847Z", "updated_at": "2023-09-09T09:36:48.847Z", "main_image": ""}}, {"model": "events.event", "pk": 133, "fields": {"created_by": 10, "title": "test", "starts_at": "2023-09-29T23:00:00Z", "ends_at": "2023-09-29T23:00:00Z", "lat": "53.4129100000", "long": "-8.2438900000", "address": "Ireland", "place_id": "ChIJ-ydAXOS6WUgRCPTbzjQSfM8", "created_at": "2023-09-09T10:24:43.965Z", "updated_at": "2023-09-09T10:24:43.965Z", "main_image": ""}}, {"model": "events.event", "pk": 134, "fields": {"created_by": 10, "title": "test", "starts_at": "2023-09-11T09:25:00Z", "ends_at": "2023-09-11T09:25:00Z", "lat": "53.2740010000", "long": "-9.0512661990", "address": "Galway, Ireland", "place_id": "ChIJ_1stWpWTW0gRgVJJCkQbKwM", "created_at": "2023-09-11T09:22:48.955Z", "updated_at": "2023-09-11T09:22:48.955Z", "main_image": ""}}, {"model": "events.event", "pk": 135, "fields": {"created_by": 1, "title": "test", "starts_at": "2023-09-30T05:00:00Z", "ends_at": "2023-09-29T23:30:00Z", "lat": "53.3498053000", "long": "-6.2603097000", "address": "Dublin, Ireland", "place_id": "ChIJL6wn6oAOZ0gRoHExl6nHAAo", "created_at": "2023-09-29T17:18:40.899Z", "updated_at": "2023-09-29T17:18:40.899Z", "main_image": ""}}, {"model": "events.event", "pk": 136, "fields": {"created_by": 10, "title": "test", "starts_at": "2024-01-04T01:00:00Z", "ends_at": "2024-01-01T01:00:00Z", "lat": "36.5499000000", "long": "9.4422664000", "address": "Testour, Tunisia", "place_id": "ChIJ41ccgW2W_BIRYC3yBQsgmJI", "created_at": "2023-09-29T17:25:03.928Z", "updated_at": "2023-09-29T17:25:03.928Z", "main_image": ""}}, {"model": "events.event", "pk": 137, "fields": {"created_by": 10, "title": "test", "starts_at": "2023-09-29T17:39:26Z", "ends_at": "2023-09-29T17:39:34Z", "lat": "36.5499000000", "long": "9.4422664000", "address": "Testour, Tunisia", "place_id": "ChIJ41ccgW2W_BIRYC3yBQsgmJI", "created_at": "2023-09-29T17:26:42.891Z", "updated_at": "2023-09-29T17:39:49.928Z", "main_image": ""}}, {"model": "events.event", "pk": 138, "fields": {"created_by": 10, "title": "test", "starts_at": "2024-01-01T04:00:00Z", "ends_at": "2024-01-01T13:00:00Z", "lat": "36.5499000000", "long": "9.4422664000", "address": "Testour, Tunisia", "place_id": "ChIJ41ccgW2W_BIRYC3yBQsgmJI", "created_at": "2023-09-29T17:48:20.504Z", "updated_at": "2023-09-29T17:48:20.504Z", "main_image": ""}}, {"model": "events.event", "pk": 139, "fields": {"created_by": 10, "title": "test", "starts_at": "2024-01-01T13:00:00Z", "ends_at": "2024-01-01T01:00:00Z", "lat": "36.5499000000", "long": "9.4422664000", "address": "Testour, Tunisia", "place_id": "ChIJ41ccgW2W_BIRYC3yBQsgmJI", "created_at": "2023-09-29T18:14:09.936Z", "updated_at": "2023-09-29T18:14:09.936Z", "main_image": ""}}, {"model": "events.event", "pk": 140, "fields": {"created_by": 10, "title": "test", "starts_at": "2024-01-01T01:00:00Z", "ends_at": "2025-01-01T01:00:00Z", "lat": "53.4129100000", "long": "-8.2438900000", "address": "Ireland", "place_id": "ChIJ-ydAXOS6WUgRCPTbzjQSfM8", "created_at": "2023-10-11T18:18:05.272Z", "updated_at": "2023-10-11T18:19:29.366Z", "main_image": ""}}, {"model": "events.event", "pk": 141, "fields": {"created_by": 10, "title": "test", "starts_at": "2024-01-01T01:00:00Z", "ends_at": "2024-01-01T01:00:00Z", "lat": "53.4129100000", "long": "-8.2438900000", "address": "Ireland", "place_id": "ChIJ-ydAXOS6WUgRCPTbzjQSfM8", "created_at": "2023-10-12T17:41:46.246Z", "updated_at": "2023-10-12T17:41:46.246Z", "main_image": ""}}, {"model": "events.event", "pk": 142, "fields": {"created_by": 10, "title": "newnew", "starts_at": "2024-01-01T01:00:00Z", "ends_at": "2024-02-01T13:09:00Z", "lat": "33.8869170000", "long": "9.5374990000", "address": "Tunisia", "place_id": "ChIJ4aQWg0SVVRIR75sBqjozhDo", "created_at": "2023-10-13T15:43:55.513Z", "updated_at": "2023-10-13T15:56:11.729Z", "main_image": ""}}, {"model": "events.event", "pk": 143, "fields": {"created_by": 1, "title": "test", "starts_at": "2024-01-01T01:00:00Z", "ends_at": "2024-02-01T01:00:00Z", "lat": "53.2740010000", "long": "-9.0512661990", "address": "Galway, Ireland", "place_id": "ChIJ_1stWpWTW0gRgVJJCkQbKwM", "created_at": "2023-10-13T17:12:10.093Z", "updated_at": "2023-10-13T17:12:10.093Z", "main_image": ""}}, {"model": "events.event", "pk": 144, "fields": {"created_by": 10, "title": "test", "starts_at": "2024-01-01T01:00:00Z", "ends_at": "2024-02-01T01:00:00Z", "lat": "41.8759520000", "long": "12.4756940000", "address": "Monte Testaccio, 00153 Rome, Metropolitan City of Rome Capital, Italy", "place_id": "ChIJE47T5i5gLxMRhiCxCUAFq4Q", "created_at": "2023-11-01T19:06:59.908Z", "updated_at": "2023-11-01T19:07:44.676Z", "main_image": ""}}, {"model": "events.event", "pk": 147, "fields": {"created_by": 10, "title": "test", "starts_at": "2025-01-02T14:00:00Z", "ends_at": "2024-01-01T01:00:00Z", "lat": "-25.2743980000", "long": "133.7751360000", "address": "Australia", "place_id": "ChIJ38WHZwf9KysRUhNblaFnglM", "created_at": "2023-11-23T16:34:24.404Z", "updated_at": "2023-11-23T16:34:24.404Z", "main_image": ""}}, {"model": "events.event", "pk": 148, "fields": {"created_by": 5, "title": "test", "starts_at": "2024-02-02T02:01:00Z", "ends_at": "2024-02-01T13:00:00Z", "lat": "36.5499000000", "long": "9.4422664000", "address": "Testour, Tunisia", "place_id": "ChIJ41ccgW2W_BIRYC3yBQsgmJI", "created_at": "2023-11-30T12:25:16.852Z", "updated_at": "2023-11-30T12:25:16.852Z", "main_image": ""}}, {"model": "events.event", "pk": 149, "fields": {"created_by": 5, "title": "test", "starts_at": "2023-11-30T15:39:46Z", "ends_at": "2023-11-30T15:39:47Z", "lat": "1.0000000000", "long": "1.0000000000", "address": "test", "place_id": "test", "created_at": "2023-11-30T15:40:04.453Z", "updated_at": "2023-11-30T15:40:04.453Z", "main_image": ""}}, {"model": "events.event", "pk": 150, "fields": {"created_by": 5, "title": "test", "starts_at": "2024-02-01T01:00:00Z", "ends_at": "2024-01-01T01:00:00Z", "lat": "36.5499000000", "long": "9.4422664000", "address": "Testour, Tunisia", "place_id": "ChIJ41ccgW2W_BIRYC3yBQsgmJI", "created_at": "2023-11-30T18:12:59.666Z", "updated_at": "2023-11-30T18:12:59.666Z", "main_image": ""}}, {"model": "events.event", "pk": 151, "fields": {"created_by": 5, "title": "test", "starts_at": "2024-01-01T01:00:00Z", "ends_at": "2024-01-01T01:00:00Z", "lat": "36.5499000000", "long": "9.4422664000", "address": "Testour, Tunisia", "place_id": "ChIJ41ccgW2W_BIRYC3yBQsgmJI", "created_at": "2023-11-30T18:42:02.952Z", "updated_at": "2023-11-30T18:42:02.952Z", "main_image": ""}}, {"model": "events.event", "pk": 152, "fields": {"created_by": 10, "title": "test", "starts_at": "2024-02-02T02:01:00Z", "ends_at": "2025-03-03T03:02:00Z", "lat": "36.5499000000", "long": "9.4422664000", "address": "Testour, Tunisia", "place_id": "ChIJ41ccgW2W_BIRYC3yBQsgmJI", "created_at": "2023-12-07T11:57:07.214Z", "updated_at": "2023-12-07T13:21:09.248Z", "main_image": "2"}}, {"model": "events.event", "pk": 153, "fields": {"created_by": 10, "title": "test", "starts_at": "2024-02-02T02:01:00Z", "ends_at": "2024-02-02T01:00:00Z", "lat": "36.5499000000", "long": "9.4422664000", "address": "Testour, Tunisia", "place_id": "ChIJ41ccgW2W_BIRYC3yBQsgmJI", "created_at": "2023-12-07T14:50:26.999Z", "updated_at": "2023-12-07T14:50:26.999Z", "main_image": "media/images/default_profile"}}, {"model": "events.event", "pk": 154, "fields": {"created_by": 10, "title": "test", "starts_at": "2024-11-11T11:11:00Z", "ends_at": "2025-11-11T00:11:00Z", "lat": "36.5499000000", "long": "9.4422664000", "address": "Testour, Tunisia", "place_id": "ChIJ41ccgW2W_BIRYC3yBQsgmJI", "created_at": "2023-12-07T16:04:18.100Z", "updated_at": "2023-12-07T16:04:18.100Z", "main_image": "media/images/concert"}}, {"model": "events.event", "pk": 155, "fields": {"created_by": 10, "title": "corofin", "starts_at": "2024-01-01T01:00:00Z", "ends_at": "2024-01-01T01:00:00Z", "lat": "53.4479970000", "long": "-8.8321623000", "address": "Ballinphuil, Co. Galway, H54 XR27, Ireland", "place_id": "ChIJBQyG5n3zW0gR1_wY0aCcIp4", "created_at": "2023-12-07T16:06:14.273Z", "updated_at": "2023-12-07T16:06:14.273Z", "main_image": "media/images/concert"}}, {"model": "events.event", "pk": 156, "fields": {"created_by": 5, "title": "test", "starts_at": "2023-12-07T16:11:38Z", "ends_at": "2023-12-07T16:11:39Z", "lat": "2.0000000000", "long": "2.0000000000", "address": "test", "place_id": "test", "created_at": "2023-12-07T16:11:51.829Z", "updated_at": "2023-12-07T16:11:51.829Z", "main_image": "../default.png"}}, {"model": "events.event", "pk": 157, "fields": {"created_by": 10, "title": "test", "starts_at": "2024-01-02T01:01:00Z", "ends_at": "2024-01-01T01:00:00Z", "lat": "36.5499000000", "long": "9.4422664000", "address": "Testour, Tunisia", "place_id": "ChIJ41ccgW2W_BIRYC3yBQsgmJI", "created_at": "2023-12-07T16:14:11.764Z", "updated_at": "2023-12-07T16:14:11.764Z", "main_image": ""}}, {"model": "events.event", "pk": 158, "fields": {"created_by": 10, "title": "test", "starts_at": "2024-01-01T01:00:00Z", "ends_at": "2024-01-01T01:00:00Z", "lat": "36.5499000000", "long": "9.4422664000", "address": "Testour, Tunisia", "place_id": "ChIJ41ccgW2W_BIRYC3yBQsgmJI", "created_at": "2023-12-07T16:24:49.352Z", "updated_at": "2023-12-07T16:24:49.352Z", "main_image": "../default.png"}}, {"model": "events.event", "pk": 159, "fields": {"created_by": 10, "title": "test", "starts_at": "2025-01-01T01:00:00Z", "ends_at": "2025-01-01T01:00:00Z", "lat": "36.5499000000", "long": "9.4422664000", "address": "Testour, Tunisia", "place_id": "ChIJ41ccgW2W_BIRYC3yBQsgmJI", "created_at": "2024-01-07T05:23:31.066Z", "updated_at": "2024-01-07T05:23:31.066Z", "main_image": "media/images/default_profile"}}, {"model": "events.event", "pk": 160, "fields": {"created_by": 10, "title": "test", "starts_at": "2025-01-01T01:00:00Z", "ends_at": "2026-01-02T01:00:00Z", "lat": "41.8759520000", "long": "12.4756940000", "address": "Monte Testaccio, 00153 Rome, Metropolitan City of Rome Capital, Italy", "place_id": "ChIJE47T5i5gLxMRhiCxCUAFq4Q", "created_at": "2024-01-15T08:24:37.687Z", "updated_at": "2024-01-15T08:24:37.687Z", "main_image": "../default.png"}}, {"model": "events.event", "pk": 161, "fields": {"created_by": 10, "title": "test", "starts_at": "2025-01-02T13:00:00Z", "ends_at": "2025-01-01T13:00:00Z", "lat": "53.7276296000", "long": "-7.7932573000", "address": "Longford, Ireland", "place_id": "ChIJh8PCuZvTXUgRcHMxl6nHAAo", "created_at": "2024-01-18T16:05:18.202Z", "updated_at": "2024-01-18T16:05:18.202Z", "main_image": "media/images/benjamin-davies-JrZ1yE1PjQ0-unsplash"}}, {"model": "events.event", "pk": 162, "fields": {"created_by": 10, "title": "test", "starts_at": "2025-01-02T13:00:00Z", "ends_at": "2025-01-01T13:00:00Z", "lat": "26.7921605000", "long": "82.1997954000", "address": "Ayodhya, Uttar Pradesh, India", "place_id": "ChIJIyhtfpMHmjkRKyJ_sYP2yF8", "created_at": "2024-01-18T16:05:23.965Z", "updated_at": "2024-01-19T15:15:36.624Z", "main_image": "media/images/benjamin-davies-JrZ1yE1PjQ0-unsplash"}}, {"model": "events.event", "pk": 163, "fields": {"created_by": 1, "title": "test", "starts_at": "2025-01-01T01:00:00Z", "ends_at": "2025-01-01T01:00:00Z", "lat": "52.5492171000", "long": "13.4076139000", "address": "Kopenhagener Str. 17, 10437 Berlin, Germany", "place_id": "ChIJ5WJqlARSqEcRFs9nV4DQ6Uc", "created_at": "2024-01-18T17:19:26.857Z", "updated_at": "2024-01-18T17:19:26.857Z", "main_image": "media/images/benjamin-davies-JrZ1yE1PjQ0-unsplash"}}, {"model": "events.event", "pk": 164, "fields": {"created_by": 10, "title": "test", "starts_at": "2025-01-01T13:00:00Z", "ends_at": "2025-01-01T01:00:00Z", "lat": "41.8759520000", "long": "12.4756940000", "address": "Monte Testaccio, 00153 Rome, Metropolitan City of Rome Capital, Italy", "place_id": "ChIJE47T5i5gLxMRhiCxCUAFq4Q", "created_at": "2024-01-29T07:58:17.400Z", "updated_at": "2024-02-01T15:00:10.286Z", "main_image": "media/images/default_profile"}}, {"model": "events.event", "pk": 165, "fields": {"created_by": 10, "title": "new", "starts_at": "2025-01-01T01:00:00Z", "ends_at": "2025-01-01T01:00:00Z", "lat": "-40.9005570000", "long": "174.8859710000", "address": "New Zealand", "place_id": "ChIJh5Z3Fw4gLG0RM0dqdeIY1rE", "created_at": "2024-02-01T15:42:32.753Z", "updated_at": "2024-02-01T15:42:32.753Z", "main_image": "../default.png"}}, {"model": "events.event", "pk": 166, "fields": {"created_by": 10, "title": "new", "starts_at": "2025-01-01T01:00:00Z", "ends_at": "2025-01-01T01:00:00Z", "lat": "-40.9005570000", "long": "174.8859710000", "address": "New Zealand", "place_id": "ChIJh5Z3Fw4gLG0RM0dqdeIY1rE", "created_at": "2024-02-01T16:43:31.592Z", "updated_at": "2024-02-01T16:43:31.592Z", "main_image": "../default.png"}}, {"model": "events.event", "pk": 167, "fields": {"created_by": 10, "title": "new", "starts_at": "2025-01-01T01:00:00Z", "ends_at": "2025-01-01T01:00:00Z", "lat": "-40.9005570000", "long": "174.8859710000", "address": "New Zealand", "place_id": "ChIJh5Z3Fw4gLG0RM0dqdeIY1rE", "created_at": "2024-02-01T16:43:52.145Z", "updated_at": "2024-02-01T16:43:52.145Z", "main_image": "../default.png"}}, {"model": "events.event", "pk": 168, "fields": {"created_by": 10, "title": "new", "starts_at": "2025-01-01T01:00:00Z", "ends_at": "2025-01-01T01:00:00Z", "lat": "-40.9005570000", "long": "174.8859710000", "address": "New Zealand", "place_id": "ChIJh5Z3Fw4gLG0RM0dqdeIY1rE", "created_at": "2024-02-01T16:45:10.975Z", "updated_at": "2024-02-01T16:45:10.975Z", "main_image": "media/images/00"}}, {"model": "events.event", "pk": 169, "fields": {"created_by": 10, "title": "new", "starts_at": "2025-01-01T01:00:00Z", "ends_at": "2025-01-01T01:00:00Z", "lat": "-40.9005570000", "long": "174.8859710000", "address": "New Zealand", "place_id": "ChIJh5Z3Fw4gLG0RM0dqdeIY1rE", "created_at": "2024-02-01T17:33:46.329Z", "updated_at": "2024-02-01T17:33:46.330Z", "main_image": "../default.png"}}, {"model": "events.event", "pk": 170, "fields": {"created_by": 2, "title": "test", "starts_at": "2025-01-01T01:00:00Z", "ends_at": "2025-01-01T01:00:00Z", "lat": "49.5931724000", "long": "17.1260751000", "address": "783 46 Těšetice, Czechia", "place_id": "ChIJo8xsqBVFEkcRzQMc2mnyBQE", "created_at": "2024-02-10T16:48:19.880Z", "updated_at": "2024-02-10T16:48:19.880Z", "main_image": "media/images/benjamin-davies-JrZ1yE1PjQ0-unsplash"}}, {"model": "events.event", "pk": 171, "fields": {"created_by": 10, "title": "test", "starts_at": "2026-01-01T01:00:00Z", "ends_at": "2027-01-01T01:00:00Z", "lat": "41.8759520000", "long": "12.4756940000", "address": "Monte Testaccio, 00153 Rome, Metropolitan City of Rome Capital, Italy", "place_id": "ChIJE47T5i5gLxMRhiCxCUAFq4Q", "created_at": "2024-06-19T18:18:29.540Z", "updated_at": "2024-06-19T18:18:29.540Z", "main_image": "media/images/00"}}, {"model": "events.event", "pk": 172, "fields": {"created_by": 2, "title": "test", "starts_at": "2024-09-13T07:00:00Z", "ends_at": "2024-10-14T22:59:00Z", "lat": "40.7127753000", "long": "-74.0059728000", "address": "New York, NY, USA", "place_id": "ChIJOwg_06VPwokRYv534QaPC8g", "created_at": "2024-08-13T18:31:33.612Z", "updated_at": "2024-08-13T18:31:33.612Z", "main_image": "media/images/00"}}, {"model": "events.event", "pk": 173, "fields": {"created_by": 2, "title": "test", "starts_at": "2026-01-01T01:00:00Z", "ends_at": "2025-03-31T00:00:00Z", "lat": "-22.5751970000", "long": "144.0847926000", "address": "Queensland, Australia", "place_id": "ChIJ_dxieiTf1GsRmb4SdiLQ8vU", "created_at": "2024-09-04T18:39:30.216Z", "updated_at": "2024-09-04T18:39:30.216Z", "main_image": "media/images/placeholder"}}, {"model": "events.eventfavourite", "pk": 4, "fields": {"user": 2, "event": 132, "created_at": "2024-08-28T16:48:43.901Z"}}, {"model": "events.eventfavourite", "pk": 5, "fields": {"user": 2, "event": 134, "created_at": "2024-08-28T16:48:45.856Z"}}, {"model": "events.eventfavourite", "pk": 11, "fields": {"user": 1, "event": 156, "created_at": "2024-09-05T17:57:35.343Z"}}, {"model": "events.eventfavourite", "pk": 19, "fields": {"user": 2, "event": 131, "created_at": "2024-09-08T17:11:08.740Z"}}, {"model": "events.eventfavourite", "pk": 20, "fields": {"user": 2, "event": 133, "created_at": "2024-09-08T17:11:19.263Z"}}, {"model": "events.eventfavourite", "pk": 21, "fields": {"user": 10, "event": 135, "created_at": "2024-09-08T17:19:31.600Z"}}, {"model": "events.eventfavourite", "pk": 22, "fields": {"user": 10, "event": 156, "created_at": "2024-09-08T17:19:47.243Z"}}, {"model": "events.eventfavourite", "pk": 23, "fields": {"user": 2, "event": 141, "created_at": "2024-09-10T16:28:43.281Z"}}, {"model": "events.eventfavourite", "pk": 24, "fields": {"user": 2, "event": 138, "created_at": "2024-09-10T16:28:45.046Z"}}, {"model": "events.eventfavourite", "pk": 25, "fields": {"user": 2, "event": 139, "created_at": "2024-09-10T16:28:46.699Z"}}, {"model": "events.eventfavourite", "pk": 26, "fields": {"user": 2, "event": 136, "created_at": "2024-09-10T16:28:53.526Z"}}, {"model": "events.eventattendee", "pk": 4, "fields": {"user": 2, "event": 135, "created_at": "2024-09-05T18:56:41.278Z"}}, {"model": "events.eventattendee", "pk": 5, "fields": {"user": 2, "event": 136, "created_at": "2024-09-05T18:56:43.139Z"}}, {"model": "events.eventattendee", "pk": 7, "fields": {"user": 2, "event": 132, "created_at": "2024-09-07T16:36:18.155Z"}}, {"model": "events.eventattendee", "pk": 8, "fields": {"user": 2, "event": 172, "created_at": "2024-09-07T16:48:23.011Z"}}, {"model": "events.eventattendee", "pk": 9, "fields": {"user": 2, "event": 173, "created_at": "2024-09-07T16:48:24.465Z"}}, {"model": "events.eventattendee", "pk": 10, "fields": {"user": 2, "event": 134, "created_at": "2024-09-07T16:49:02.235Z"}}, {"model": "events.eventattendee", "pk": 13, "fields": {"user": 2, "event": 131, "created_at": "2024-09-08T17:11:13.348Z"}}, {"model": "events.eventattendee", "pk": 14, "fields": {"user": 2, "event": 133, "created_at": "2024-09-08T17:11:17.277Z"}}, {"model": "events.eventattendee", "pk": 15, "fields": {"user": 10, "event": 131, "created_at": "2024-09-08T17:18:52.422Z"}}, {"model": "events.eventattendee", "pk": 16, "fields": {"user": 10, "event": 141, "created_at": "2024-09-08T17:19:25.442Z"}}, {"model": "events.eventattendee", "pk": 17, "fields": {"user": 10, "event": 136, "created_at": "2024-09-08T17:19:35.060Z"}}, {"model": "events.eventattendee", "pk": 18, "fields": {"user": 10, "event": 137, "created_at": "2024-09-08T17:19:37.459Z"}}, {"model": "events.eventattendee", "pk": 19, "fields": {"user": 10, "event": 138, "created_at": "2024-09-08T17:19:38.978Z"}}, {"model": "events.image", "pk": 1, "fields": {"image": "media/images/00"}}, {"model": "events.eventmainimage", "pk": 2, "fields": {"image": "1", "title": "test"}}, {"model": "events.eventimage", "pk": 2, "fields": {"event": 149, "image": 1, "title": "first event image"}}]